cluster,player_name,position_name,events,passes,shots,carries,pressures,goals,xg,assists,pass_ratio,shot_ratio,carry_ratio,pressure_ratio,goal_conversion,xg_per_shot,assist_ratio
0,Papiss Demba Cissé,Center Forward,2043,407,24.0,329,192,3,3.6073283896,0,0.19921683798335782,0.011747430249632892,0.1610376896720509,0.09397944199706314,0.125,0.15030534956666666,0.0
0,Daniel Nii Tackie Mensah Welbeck,Center Forward,976,145,20.0,181,111,4,3.023731793,2,0.14856557377049182,0.020491803278688523,0.18545081967213115,0.11372950819672131,0.2,0.15118658965,0.013793103448275862
0,Emmanuel Emenike,Center Forward,872,153,12.0,146,83,0,1.810002222,0,0.17545871559633028,0.013761467889908258,0.16743119266055045,0.09518348623853211,0.0,0.1508335185,0.0
0,Victor Chinedu Anichebe,Center Forward,617,116,14.0,77,54,0,1.219452485,0,0.1880064829821718,0.022690437601296597,0.12479740680713128,0.08752025931928688,0.0,0.08710374892857142,0.0
0,Radamel Falcao García Zárate,Center Forward,466,85,12.0,81,46,1,1.332758599,0,0.18240343347639484,0.02575107296137339,0.17381974248927037,0.09871244635193133,0.08333333333333333,0.11106321658333333,0.0
0,Patrick Bamford,Center Forward,636,96,10.0,99,78,0,1.042446711,0,0.1509433962264151,0.015723270440251572,0.15566037735849056,0.12264150943396226,0.0,0.10424467109999999,0.0
0,Divock Okoth Origi,Center Forward,1175,173,24.0,226,143,5,2.3073988329,1,0.1472340425531915,0.020425531914893616,0.19234042553191488,0.12170212765957447,0.20833333333333334,0.0961416180375,0.005780346820809248
0,José Salomón Rondón Giménez,Center Forward,4361,662,72.0,618,517,9,8.3394650601,2,0.15180004586104104,0.016509974776427426,0.14171061683100206,0.11855079110295803,0.125,0.1158259036125,0.0030211480362537764
0,Danny Graham,Center Forward,490,86,4.0,62,48,0,0.5011478739999999,0,0.17551020408163265,0.00816326530612245,0.12653061224489795,0.09795918367346938,0.0,0.12528696849999998,0.0
0,Peter Crouch,Center Forward,719,156,9.0,73,68,0,0.5820410969999998,1,0.21696801112656466,0.012517385257301807,0.10152990264255911,0.09457579972183588,0.0,0.06467123299999998,0.00641025641025641
0,Rudy Gestede,Center Forward,2576,594,63.0,288,190,5,5.239368649999999,1,0.23059006211180125,0.024456521739130436,0.11180124223602485,0.07375776397515528,0.07936507936507936,0.08316458174603174,0.0016835016835016834
0,Romelu Lukaku Menama,Center Forward,5562,1112,116.0,1047,305,18,18.1571581707,7,0.19992808342322904,0.020855807263574253,0.18824163969795038,0.0548363897878461,0.15517241379310345,0.15652722560948276,0.006294964028776978
0,Daniel Andre Sturridge,Center Forward,1682,327,48.0,368,99,8,5.1249343954,1,0.19441141498216408,0.028537455410225922,0.21878715814506539,0.058858501783590964,0.16666666666666666,0.10676946657083335,0.0030581039755351682
0,Benik Afobe,Center Forward,1428,224,14.0,231,197,4,1.948932968,0,0.1568627450980392,0.00980392156862745,0.16176470588235295,0.13795518207282914,0.2857142857142857,0.13920949771428573,0.0
0,Cameron Jerome,Center Forward,2503,434,49.0,342,225,3,7.300334360999998,2,0.17339192968437875,0.019576508190171794,0.13663603675589292,0.0898921294446664,0.061224489795918366,0.1489864155306122,0.004608294930875576
0,Steven Fletcher,Center Forward,1621,294,23.0,229,143,4,2.261517854,0,0.18136952498457742,0.01418877236273905,0.14127082048118444,0.08821714990746453,0.17391304347826086,0.0983268632173913,0.0
0,Gabriel Imuetinyan Agbonlahor,Center Forward,1345,233,11.0,182,182,1,1.435095347,2,0.17323420074349444,0.008178438661710037,0.13531598513011153,0.13531598513011153,0.09090909090909091,0.13046321336363637,0.008583690987124463
0,Mame Biram Diouf,Center Forward,1670,272,32.0,249,212,5,4.856480781999999,1,0.162874251497006,0.019161676646706587,0.14910179640718563,0.12694610778443113,0.15625,0.15176502443749998,0.003676470588235294
0,Emmanuel Adebayor,Center Forward,1199,240,12.0,211,121,1,2.139792485,1,0.20016680567139283,0.010008340283569641,0.17597998331943285,0.10091743119266056,0.08333333333333333,0.17831604041666668,0.004166666666666667
0,Jamie Vardy,Left Center Forward,4328,679,118.0,607,493,24,22.298685119,6,0.15688539741219962,0.027264325323475048,0.14024953789279113,0.113909426987061,0.2033898305084746,0.1889719077881356,0.008836524300441826
0,Libor Kozák,Center Forward,418,73,6.0,60,36,0,0.6748675369999999,0,0.17464114832535885,0.014354066985645933,0.14354066985645933,0.0861244019138756,0.0,0.11247792283333331,0.0
0,Fraizer Campbell,Center Forward,535,83,4.0,73,85,0,0.5991128099999999,0,0.15514018691588785,0.007476635514018692,0.13644859813084112,0.1588785046728972,0.0,0.14977820249999999,0.0
0,Bertrand Isidore Traoré,Center Forward,733,137,17.0,135,92,2,1.61311014,1,0.1869031377899045,0.023192360163710776,0.18417462482946795,0.12551159618008187,0.11764705882352941,0.09488883176470589,0.0072992700729927005
0,Charlie Austin,Center Forward,358,55,8.0,44,40,1,0.5978139399999999,0,0.15363128491620112,0.0223463687150838,0.12290502793296089,0.11173184357541899,0.125,0.07472674249999998,0.0
0,Saido Berahino,Left Center Forward,2642,473,36.0,524,265,4,6.222151514,0,0.17903103709311127,0.013626040878122634,0.198334595003785,0.10030280090840273,0.1111111111111111,0.17283754205555557,0.0
0,Lewis Grabban,Center Forward,1663,327,19.0,335,219,1,2.694718444,0,0.19663259170174383,0.011425135297654841,0.20144317498496692,0.13168971737823212,0.05263157894736842,0.1418272865263158,0.0
0,Dieumerci Mbokani Bezua,Center Forward,2805,472,37.0,417,158,7,6.024289655,1,0.16827094474153298,0.013190730837789662,0.14866310160427806,0.056327985739750445,0.1891891891891892,0.1628186393243243,0.00211864406779661
0,Jermain Defoe,Center Forward,3154,439,88.0,526,348,15,13.2098756745,1,0.1391883322764743,0.027901077996195307,0.16677235256816741,0.11033608116677235,0.17045454545454544,0.15011222357386364,0.002277904328018223
0,Éderzito António Macedo Lopes,Center Forward,519,85,5.0,86,51,0,0.395401042,0,0.16377649325626203,0.009633911368015413,0.16570327552986513,0.09826589595375723,0.0,0.07908020839999999,0.0
0,Alexandre Rodrigues da Silva,Center Forward,170,26,4.0,29,17,1,1.90763709,0,0.15294117647058825,0.023529411764705882,0.17058823529411765,0.1,0.25,0.4769092725,0.0
0,Graziano Pellè,Center Forward,3988,889,82.0,674,259,11,7.720267611,6,0.22291875626880642,0.020561685055165497,0.16900702106318957,0.06494483450351053,0.13414634146341464,0.09414960501219512,0.006749156355455568
0,José Luis Sanmartín Mato,Center Forward,1914,376,29.0,268,265,4,2.5778687450000004,1,0.19644723092998956,0.015151515151515152,0.1400208986415883,0.13845350052246605,0.13793103448275862,0.08889202568965518,0.0026595744680851063
0,Nikica Jelavić,Center Forward,477,78,11.0,52,62,1,1.8327274987,1,0.16352201257861634,0.023060796645702306,0.1090146750524109,0.129979035639413,0.09090909090909091,0.1666115907909091,0.01282051282051282
0,Emmanuel Rivière,Center Forward,183,20,3.0,23,37,0,0.249199327,0,0.1092896174863388,0.01639344262295082,0.12568306010928962,0.20218579234972678,0.0,0.08306644233333334,0.0
0,Sergio Leonel Agüero del Castillo,Center Forward,4349,740,118.0,950,278,24,17.6730739255,2,0.17015405840423087,0.02713267417797195,0.21844102092435042,0.06392274085996781,0.2033898305084746,0.1497718129279661,0.002702702702702703
0,Callum Wilson,Center Forward,1124,143,18.0,200,146,5,3.2849409890000003,0,0.12722419928825623,0.01601423487544484,0.17793594306049823,0.1298932384341637,0.2777777777777778,0.18249672161111113,0.0
0,Diafra Sakho,Center Forward,2483,360,46.0,388,255,5,7.352103891,1,0.1449859041482078,0.01852597664115989,0.1562625855819573,0.1026983487716472,0.10869565217391304,0.15982834545652172,0.002777777777777778
0,Joshua King,Center Forward,3480,457,56.0,600,593,6,5.836289979999998,3,0.13132183908045977,0.016091954022988506,0.1724137931034483,0.1704022988505747,0.10714285714285714,0.1042194639285714,0.006564551422319475
0,Alberto Paloschi,Center Forward,1108,202,15.0,169,124,2,2.843150024,1,0.18231046931407943,0.013537906137184115,0.15252707581227437,0.11191335740072202,0.13333333333333333,0.18954333493333334,0.0049504950495049506
0,Dwight Gayle,Center Forward,1087,154,22.0,151,158,3,3.10514001,0,0.14167433302667892,0.020239190432382703,0.1389144434222631,0.1453541858325667,0.13636363636363635,0.14114272772727274,0.0
0,Loïc Rémy,Center Forward,527,103,13.0,103,28,1,1.647004704,0,0.1954459203036053,0.024667931688804556,0.1954459203036053,0.05313092979127135,0.07692307692307693,0.12669266953846153,0.0
0,Aleksandar Mitrović,Center Forward,4004,714,80.0,574,391,9,11.86097099,4,0.17832167832167833,0.01998001998001998,0.14335664335664336,0.09765234765234765,0.1125,0.148262137375,0.0056022408963585435
0,Glenn Murray,Center Forward,1272,202,27.0,186,181,3,4.6338354960000006,0,0.15880503144654087,0.02122641509433962,0.14622641509433962,0.14229559748427673,0.1111111111111111,0.1716235368888889,0.0
0,Harry Kane,Center Forward,5746,1005,158.0,1024,491,25,21.6354907508,2,0.17490428123912286,0.027497389488339713,0.17821092934215108,0.08545074834667594,0.15822784810126583,0.13693348576455697,0.001990049751243781
0,Enner Remberto Valencia Lastra,Center Forward,1722,259,33.0,306,206,4,3.6387039443,3,0.15040650406504066,0.01916376306620209,0.17770034843205576,0.11962833914053426,0.12121212121212122,0.11026375588787879,0.011583011583011582
0,Connor Wickham,Center Forward,2282,409,35.0,325,258,5,4.750864302999999,3,0.1792287467134093,0.015337423312883436,0.14241893076248904,0.11305872042068361,0.14285714285714285,0.13573898008571428,0.007334963325183374
0,Diego da Silva Costa,Center Forward,4531,818,70.0,889,334,12,11.809203979,5,0.180534098433017,0.015449128227764291,0.19620392849260648,0.07371441182961819,0.17142857142857143,0.16870291398571427,0.006112469437652812
0,Jordan Ayew,Left Wing,4963,824,61.0,990,699,7,5.245550229500001,0,0.16602861172677816,0.012290953052589159,0.1994761233125126,0.14084223252065284,0.11475409836065574,0.08599262671311476,0.0
0,Jay Rodriguez,Left Wing,590,93,15.0,107,82,0,1.079480349,0,0.1576271186440678,0.025423728813559324,0.18135593220338983,0.13898305084745763,0.0,0.0719653566,0.0
0,Bafétimbi Gomis,Center Forward,2782,499,59.0,536,207,6,7.627604278500001,0,0.17936736161035227,0.021207764198418404,0.19266714593817397,0.07440690150970525,0.1016949152542373,0.12928142844915255,0.0
0,Scott Sinclair,Left Wing,2108,354,17.0,467,205,2,3.115692275,0,0.16793168880455409,0.008064516129032258,0.2215370018975332,0.09724857685009487,0.11764705882352941,0.18327601617647057,0.0
0,Daniel William John Ings,Left Wing,423,81,10.0,88,40,2,1.359236949,0,0.19148936170212766,0.02364066193853428,0.20803782505910165,0.09456264775413711,0.2,0.1359236949,0.0
0,Ayoze Pérez Gutiérrez,Left Wing,3815,658,51.0,778,580,6,3.6851812935,2,0.1724770642201835,0.013368283093053735,0.20393184796854522,0.15203145478374835,0.11764705882352941,0.07225845673529412,0.00303951367781155
0,Shinji Okazaki,Right Center Forward,3347,521,44.0,481,515,5,7.122357414000001,0,0.155661786674634,0.013146100985957573,0.14371078577830892,0.15386913654018525,0.11363636363636363,0.16187175940909093,0.0
0,Juan Miguel Jiménez López,Left Wing,288,51,6.0,56,53,0,0.426554524,0,0.17708333333333334,0.020833333333333332,0.19444444444444445,0.1840277777777778,0.0,0.07109242066666667,0.0
0,Fabio Borini,Right Midfield,3118,600,49.0,559,380,5,4.82200341,2,0.19243104554201412,0.01571520205259782,0.17928159076330982,0.12187299550994227,0.10204081632653061,0.09840823285714285,0.0033333333333333335
0,Dame N''Doye,Right Midfield,1156,194,11.0,189,105,1,0.7051310829999999,0,0.16782006920415224,0.009515570934256055,0.16349480968858132,0.09083044982698962,0.09090909090909091,0.06410282572727272,0.0
0,André Ayew Pelé,Right Wing,5299,1098,69.0,1047,599,12,7.5930270257,2,0.20720890734100775,0.01302132477826005,0.19758444989620683,0.11304019626344593,0.17391304347826086,0.11004386993768116,0.0018214936247723133
0,Duncan Watmore,Right Wing,1338,174,17.0,273,156,3,1.994844704,1,0.13004484304932734,0.012705530642750373,0.2040358744394619,0.11659192825112108,0.17647058823529413,0.11734380611764705,0.005747126436781609
0,Steven Naismith,Center Attacking Midfield,2473,506,26.0,423,296,4,3.209564593,2,0.20460978568540233,0.010513546300040437,0.17104731095835018,0.1196926809543065,0.15384615384615385,0.12344479203846154,0.003952569169960474
0,Heung-Min Son,Right Wing,2264,455,38.0,469,298,4,3.851927902999999,1,0.20097173144876326,0.01678445229681979,0.20715547703180212,0.13162544169611307,0.10526315789473684,0.10136652376315787,0.002197802197802198
0,Craig Gardner,Left Midfield,3108,745,50.0,489,511,3,3.892689569,3,0.2397039897039897,0.016087516087516088,0.15733590733590733,0.16441441441441443,0.06,0.07785379138,0.004026845637583893
0,Kelechi Promise Iheanacho,Right Center Forward,1715,349,29.0,336,162,8,5.051744738,2,0.20349854227405248,0.016909620991253645,0.19591836734693877,0.09446064139941691,0.27586206896551724,0.1741980944137931,0.0057306590257879654
0,Theo Walcott,Left Wing,1842,333,46.0,403,152,5,6.700536241,2,0.18078175895765472,0.0249728555917481,0.21878393051031486,0.08251900108577633,0.10869565217391304,0.14566383132608696,0.006006006006006006
0,Troy Deeney,Right Center Forward,6121,1302,94.0,870,609,13,12.085973285,10,0.21271034144747591,0.015356967815716386,0.14213363829439635,0.09949354680607744,0.13829787234042554,0.12857418388297873,0.007680491551459293
0,Shane Long,Center Forward,3418,649,63.0,498,359,10,7.984430635499999,4,0.18987712112346403,0.018431831480397894,0.1456992393212405,0.10503218256290228,0.15873015873015872,0.1267369942142857,0.0061633281972265025
0,Jonathan Walters,Center Forward,2704,537,33.0,426,222,5,5.530523287999999,2,0.19859467455621302,0.01220414201183432,0.15754437869822485,0.08210059171597633,0.15151515151515152,0.16759161478787873,0.0037243947858473
0,Christian Benteke Liolo,Center Forward,2480,493,64.0,321,162,9,11.003690722999998,4,0.19879032258064516,0.025806451612903226,0.12943548387096773,0.06532258064516129,0.140625,0.17193266754687497,0.008113590263691683
0,Andy Carroll,Center Forward,2181,433,55.0,281,164,9,6.284561378,2,0.19853278312700595,0.02521779000458505,0.12883998165978908,0.07519486474094451,0.16363636363636364,0.11426475232727273,0.004618937644341801
0,Marcus Rashford,Center Forward,1293,209,16.0,251,128,5,1.80401335,2,0.16163959783449341,0.01237432327919567,0.19412219644238204,0.09899458623356536,0.3125,0.112750834375,0.009569377990430622
0,Olivier Giroud,Center Forward,4140,825,103.0,579,426,16,13.017702892999996,6,0.19927536231884058,0.024879227053140097,0.1398550724637681,0.10289855072463767,0.1553398058252427,0.12638546498058248,0.007272727272727273
0,Rickie Lambert,Right Center Forward,1176,277,14.0,197,89,1,1.6784735619999998,1,0.23554421768707484,0.011904761904761904,0.16751700680272108,0.07568027210884354,0.07142857142857142,0.1198909687142857,0.0036101083032490976
0,Wilfried Guemiand Bony,Center Forward,2011,398,61.0,369,98,4,7.280474771,3,0.1979114868224764,0.030333167578319244,0.18349080059671805,0.048731974142217804,0.06557377049180328,0.1193520454262295,0.007537688442211055
0,Odion Jude Ighalo,Left Center Forward,4938,707,111.0,854,498,15,16.919277522399998,2,0.1431753746456055,0.022478736330498177,0.17294451194815716,0.10085054678007291,0.13513513513513514,0.1524259236252252,0.002828854314002829
0,José Leonardo Ulloa,Right Center Forward,2119,396,33.0,320,254,6,6.4239679050000005,1,0.18688060405851817,0.01557338367154318,0.1510146295422369,0.11986786219915055,0.18181818181818182,0.1946656940909091,0.0025252525252525255
1,James Ward-Prowse,Right Center Midfield,2700,807,29.0,540,305,2,2.2664223095,5,0.29888888888888887,0.01074074074074074,0.2,0.11296296296296296,0.06896551724137931,0.07815249343103448,0.006195786864931847
1,Michael Carrick,Right Center Midfield,4738,1562,7.0,1176,269,0,0.305455375,1,0.3296749683410722,0.0014774166314900801,0.24820599409033348,0.05677501055297594,0.0,0.04363648214285714,0.0006402048655569782
1,Gareth Barry,Left Defensive Midfield,6729,2098,17.0,1507,659,0,1.075521215,0,0.31178481200772773,0.0025263783623123794,0.22395601129439738,0.09793431416257987,0.0,0.06326595382352941,0.0
1,Cheik Ismaël Tioté,Right Center Midfield,2825,850,2.0,592,297,0,0.045869157,0,0.3008849557522124,0.0007079646017699115,0.2095575221238938,0.10513274336283186,0.0,0.0229345785,0.0
1,Mikel Arteta Amatriain,Right Center Midfield,413,128,1.0,89,38,0,0.37236434,0,0.3099273607748184,0.002421307506053269,0.21549636803874092,0.09200968523002422,0.0,0.37236434,0.0
1,Sandro Ranieri Guimarães Cordeiro,Left Defensive Midfield,534,145,3.0,91,67,0,0.0561069195,0,0.27153558052434457,0.0056179775280898875,0.1704119850187266,0.1254681647940075,0.0,0.018702306499999998,0.0
1,José Manuel Jurado Marín,Left Midfield,4097,1035,36.0,961,343,0,1.5850886101,0,0.25262387112521356,0.008786917256529168,0.23456187454234806,0.08371979497193067,0.0,0.04403023916944444,0.0
1,Jordan Veretout,Right Center Midfield,3798,1090,20.0,858,424,0,1.2621545959999998,5,0.2869931542917325,0.0052659294365455505,0.2259083728278041,0.11163770405476567,0.0,0.06310772979999998,0.0045871559633027525
1,Nordin Amrabat,Left Midfield,1070,193,7.0,235,108,0,0.349799804,0,0.18037383177570093,0.0065420560747663555,0.21962616822429906,0.10093457943925234,0.0,0.04997140057142857,0.0
1,Steven Pienaar,Left Wing,317,80,2.0,74,24,0,0.051837135,0,0.25236593059936907,0.006309148264984227,0.2334384858044164,0.07570977917981073,0.0,0.0259185675,0.0
1,Marc Albrighton,Left Midfield,4871,1214,42.0,1024,610,2,2.3626669600000003,7,0.24923013754875795,0.008622459453910901,0.21022377335249434,0.12523095873537263,0.047619047619047616,0.05625397523809524,0.005766062602965404
1,Jordan Brian Henderson,Right Center Midfield,3305,1007,26.0,757,304,2,2.206942035,3,0.3046898638426626,0.007866868381240545,0.22904689863842662,0.09198184568835098,0.07692307692307693,0.08488238596153846,0.0029791459781529296
1,Chung-Yong Lee,Left Wing,806,193,5.0,179,102,1,0.1656220079999999,0,0.23945409429280398,0.00620347394540943,0.22208436724565755,0.12655086848635236,0.2,0.03312440159999998,0.0
1,James McClean,Left Midfield,3745,822,31.0,660,551,2,2.1490602425,2,0.21949265687583444,0.008277703604806409,0.17623497997329773,0.14712950600801067,0.06451612903225806,0.0693245239516129,0.0024330900243309003
1,Jack Frank Porteous Cork,Right Center Midfield,6187,1746,19.0,1413,615,1,0.88613171,1,0.28220462259576534,0.00307095522870535,0.22838209148213998,0.09940197187651527,0.05263157894736842,0.04663851105263158,0.000572737686139748
1,Alessandro Diamanti,Left Wing,199,55,1.0,47,12,0,0.02299939,0,0.27638190954773867,0.005025125628140704,0.23618090452261306,0.06030150753768844,0.0,0.02299939,0.0
1,Tom Cleverley,Left Wing,3464,974,24.0,746,436,2,1.4394102729999998,4,0.28117782909930716,0.006928406466512702,0.21535796766743648,0.1258660508083141,0.08333333333333333,0.05997542804166666,0.004106776180698152
1,Yoan Gouffran,Left Wing,398,94,3.0,79,54,0,0.142816165,0,0.23618090452261306,0.007537688442211055,0.1984924623115578,0.135678391959799,0.0,0.04760538833333333,0.0
1,Cameron Brannagan,Right Center Midfield,428,126,1.0,98,50,0,0.08262946,0,0.29439252336448596,0.002336448598130841,0.22897196261682243,0.11682242990654206,0.0,0.08262946,0.0
1,Lee Cattermole,Right Center Midfield,3364,970,10.0,659,440,0,0.6715505930000001,0,0.28834720570749106,0.002972651605231867,0.19589774078478003,0.13079667063020214,0.0,0.06715505930000001,0.0
1,Florian Thauvin,Left Wing,933,216,8.0,229,70,0,0.408411334,0,0.2315112540192926,0.00857449088960343,0.2454448017148982,0.07502679528403002,0.0,0.05105141675,0.0
1,Wahbi Khazri,Left Midfield,1927,421,25.0,378,288,2,0.7885470373,1,0.2184743124026985,0.012973533990659055,0.19615983393876493,0.14945511157239233,0.08,0.031541881492,0.0023752969121140144
1,Santiago Cazorla González,Left Defensive Midfield,4106,1300,24.0,1090,185,0,1.784200687,3,0.31660983925962005,0.0058451047247929854,0.26546517291768146,0.045056015586945934,0.0,0.07434169529166666,0.002307692307692308
1,Eunan O''Kane,Right Center Midfield,1322,383,8.0,306,132,0,0.6015456339999999,1,0.2897125567322239,0.006051437216338881,0.2314674735249622,0.09984871406959153,0.0,0.07519320424999999,0.0026109660574412533
1,Victor Wanyama,Right Defensive Midfield,5008,1389,31.0,1087,618,1,1.7942775162999995,1,0.27735623003194887,0.006190095846645367,0.21705271565495207,0.12340255591054312,0.03225806451612903,0.05787991988064515,0.0007199424046076314
1,Henri Saivet,Right Defensive Midfield,316,78,0.0,59,59,0,0.0,0,0.2468354430379747,0.0,0.18670886075949367,0.18670886075949367,0.0,0.0,0.0
1,Mohamed Naser Elsayed Elneny,Right Defensive Midfield,2401,744,13.0,619,167,0,0.975098422,1,0.30987088713036237,0.005414410662224073,0.25780924614743855,0.06955435235318617,0.0,0.07500757092307692,0.0013440860215053765
1,Andrew Philip King,Right Defensive Midfield,1630,488,19.0,298,189,2,2.099677588,1,0.29938650306748466,0.011656441717791411,0.18282208588957055,0.11595092024539877,0.10526315789473684,0.11050934673684211,0.0020491803278688526
1,Morgan Schneiderlin,Right Defensive Midfield,4971,1484,11.0,1131,510,1,1.210289647,1,0.29853148259907464,0.002212834439750553,0.2275196137598069,0.10259505129752565,0.09090909090909091,0.11002633154545455,0.0006738544474393531
1,Mario Suárez Mata,Right Defensive Midfield,1447,427,9.0,316,137,0,0.420495655,0,0.2950932964754665,0.006219765031098825,0.2183828610919143,0.09467864547339323,0.0,0.046721739444444445,0.0
1,Eric Dier,Right Defensive Midfield,6709,2111,30.0,1504,602,3,2.058710326,2,0.31465196005365925,0.004471605306304963,0.22417647935608884,0.0897302131465196,0.1,0.06862367753333333,0.0009474182851729038
1,Glenn Whelan,Right Defensive Midfield,6550,2037,11.0,1555,568,0,0.2180782709999998,2,0.3109923664122137,0.0016793893129770992,0.23740458015267177,0.0867175572519084,0.0,0.019825297363636345,0.0009818360333824251
1,Fernando Francisco Reges,Right Defensive Midfield,3289,910,16.0,724,416,2,2.764655786,0,0.2766798418972332,0.00486470051687443,0.22012769838856797,0.12648221343873517,0.125,0.172790986625,0.0
1,Matt Ritchie,Right Midfield,6193,1675,79.0,1348,621,4,4.6373052321,5,0.2704666559018246,0.012756337800742774,0.2176651057645729,0.10027450347166156,0.05063291139240506,0.058700066229113924,0.0029850746268656717
1,Almen Abdi,Right Midfield,3953,1020,39.0,788,504,2,2.3587584059999998,0,0.2580318745256767,0.00986592461421705,0.19934227169238553,0.12749810270680495,0.05128205128205128,0.060480984769230764,0.0
1,Alex Oxlade-Chamberlain,Right Wing,2094,495,23.0,520,188,1,1.4757364622999998,0,0.23638968481375358,0.010983763132760267,0.24832855778414517,0.08978032473734479,0.043478260869565216,0.06416245488260869,0.0
1,Osazemwinde Peter Odemwingie,Right Wing,242,54,2.0,49,36,0,0.080638808,0,0.2231404958677686,0.008264462809917356,0.2024793388429752,0.1487603305785124,0.0,0.040319404,0.0
1,Kieran O''Neill Dowell,Right Wing,157,35,0.0,29,22,0,0.0,0,0.2229299363057325,0.0,0.18471337579617833,0.14012738853503184,0.0,0.0,0.0
1,Josh Onomah,Right Wing,211,49,3.0,46,27,0,0.191308678,0,0.23222748815165878,0.014218009478672985,0.21800947867298578,0.12796208530805686,0.0,0.06376955933333334,0.0
1,John Michael Nchekwube Obinna,Right Defensive Midfield,4099,1226,7.0,955,394,0,0.914381269,1,0.2990973408148329,0.0017077335935594047,0.23298365454989023,0.09612100512320078,0.0,0.1306258955714286,0.0008156606851549756
1,Dan Gosling,Right Center Midfield,4943,1230,40.0,1023,646,3,3.0795959647,1,0.24883673882257737,0.008092251669026907,0.20695933643536313,0.13068986445478453,0.075,0.07698989911750001,0.0008130081300813008
1,Gökhan İnler,Right Defensive Midfield,428,122,2.0,92,49,0,0.038327533,0,0.2850467289719626,0.004672897196261682,0.21495327102803738,0.11448598130841121,0.0,0.0191637665,0.0
1,Francesc Fàbregas i Soler,Right Defensive Midfield,9408,2947,48.0,2161,776,5,4.029403814800001,9,0.3132440476190476,0.00510204081632653,0.2296981292517007,0.0824829931972789,0.10416666666666667,0.08394591280833336,0.003053953172718018
1,Gilbert Gianelli Imbula Wanga,Left Defensive Midfield,2885,779,21.0,729,242,2,0.7735615091999997,0,0.27001733102253034,0.007279029462738302,0.25268630849220103,0.08388214904679377,0.09523809523809523,0.036836262342857126,0.0
1,Ashley Westwood,Right Center Midfield,5463,1626,38.0,1227,654,2,2.097580091,2,0.29763866007688083,0.006955885044847154,0.22460186710598573,0.11971444261394838,0.05263157894736842,0.055199476078947374,0.0012300123001230013
1,Marouane Fellaini-Bakkioui,Right Center Midfield,2416,601,22.0,472,224,1,3.012999341,0,0.24875827814569537,0.009105960264900662,0.19536423841059603,0.09271523178807947,0.045454545454545456,0.1369545155,0.0
1,Etienne Capoue,Right Center Midfield,5903,1595,35.0,1292,629,0,2.7560736759,2,0.2702015924106387,0.005929188548195833,0.21887176012197188,0.10655598848043368,0.0,0.07874496216857144,0.0012539184952978057
1,Darren Fletcher,Right Center Midfield,5363,1516,23.0,1218,547,1,1.8395512069999995,2,0.2826776058176394,0.00428864441543912,0.22711169121760208,0.10199515196718255,0.043478260869565216,0.07998048726086955,0.0013192612137203166
1,Graham Dorrans,Right Center Midfield,2634,761,16.0,635,237,0,0.6564015582999999,1,0.288914198936978,0.006074411541381929,0.24107820804859528,0.08997722095671981,0.0,0.041025097393749994,0.001314060446780552
1,Yann Gérard M''Vila,Right Center Midfield,6053,1799,30.0,1330,630,1,0.9914188749999996,3,0.29720799603502396,0.004956220056170494,0.21972575582355858,0.10408062117958038,0.03333333333333333,0.033047295833333316,0.0016675931072818232
1,Sebastian Larsson,Right Center Midfield,965,269,6.0,165,171,0,0.4006977,0,0.2787564766839378,0.0062176165803108805,0.17098445595854922,0.1772020725388601,0.0,0.06678295,0.0
1,Muhamed Bešić,Right Center Midfield,1323,352,4.0,319,138,0,0.192631854,0,0.2660619803476946,0.0030234315948601664,0.24111866969009826,0.10430839002267574,0.0,0.0481579635,0.0
1,Vurnon Anita,Right Center Midfield,3720,1134,8.0,740,534,1,0.285804582,3,0.30483870967741933,0.002150537634408602,0.1989247311827957,0.1435483870967742,0.125,0.03572557275,0.0026455026455026454
1,Yohan Cabaye,Right Defensive Midfield,5092,1433,69.0,1033,681,5,6.584582770599998,2,0.2814218381775334,0.013550667714061273,0.2028672427336999,0.13373919874312648,0.07246376811594203,0.09542873580579707,0.0013956734124214933
1,James McCarthy,Right Defensive Midfield,4817,1389,17.0,1057,573,2,1.017741553,2,0.28835374714552625,0.0035291675316587085,0.21943118123313265,0.11895370562590823,0.11764705882352941,0.05986715017647059,0.0014398848092152627
1,Marco van Ginkel,Right Defensive Midfield,1495,387,10.0,276,218,0,0.519662764,0,0.2588628762541806,0.006688963210702341,0.18461538461538463,0.14581939799331103,0.0,0.0519662764,0.0
1,Alexander Banor Tettey,Right Defensive Midfield,3506,1097,20.0,767,355,2,0.8520836592,1,0.31289218482601255,0.005704506560182544,0.21876782658300056,0.10125499144324016,0.1,0.04260418296,0.0009115770282588879
1,Gary O''Neil,Right Defensive Midfield,3330,977,11.0,686,385,0,0.6855136349999998,0,0.2933933933933934,0.003303303303303303,0.206006006006006,0.11561561561561562,0.0,0.06231942136363635,0.0
1,Mathieu Flamini,Right Defensive Midfield,1986,627,7.0,417,191,0,0.919225688,0,0.3157099697885196,0.003524672708962739,0.20996978851963746,0.09617321248741188,0.0,0.13131795542857144,0.0
1,Mile Jedinak,Left Defensive Midfield,2689,828,14.0,404,394,0,0.904806273,0,0.30792116028263294,0.005206396429899591,0.15024172554853105,0.14652287095574562,0.0,0.06462901950000001,0.0
1,Andreas Hoelgebaum Pereira,Right Wing,228,65,0.0,57,24,0,0.0,0,0.2850877192982456,0.0,0.25,0.10526315789473684,0.0,0.0,0.0
1,Youssouf Chafiq Mulumbu Ngangu,Left Defensive Midfield,630,162,3.0,117,106,0,0.183266625,0,0.2571428571428571,0.004761904761904762,0.18571428571428572,0.16825396825396827,0.0,0.061088874999999994,0.0
1,Marouane Chamakh,Center Forward,450,91,2.0,63,63,0,0.242332913,0,0.20222222222222222,0.0044444444444444444,0.14,0.14,0.0,0.1211664565,0.0
1,Matt Grimes,Left Center Midfield,164,46,1.0,38,18,0,0.04053711,0,0.2804878048780488,0.006097560975609756,0.23170731707317074,0.10975609756097561,0.0,0.04053711,0.0
1,Leroy Fer,Left Center Midfield,1635,435,5.0,379,165,0,0.26149118,2,0.26605504587155965,0.0030581039755351682,0.23180428134556574,0.10091743119266056,0.0,0.052298236,0.004597701149425287
1,Harry Arter,Left Center Midfield,3927,1042,36.0,895,468,1,1.0289659574,0,0.2653425006366183,0.009167303284950344,0.22790934555640438,0.11917494270435447,0.027777777777777776,0.02858238770555556,0.0
1,Emre Can,Left Center Midfield,6162,1782,31.0,1398,570,1,2.1141365590000003,0,0.2891918208373905,0.0050308341447581955,0.22687439143135346,0.09250243427458617,0.03225806451612903,0.06819795351612905,0.0
1,Sung-Yeung Ki,Left Center Midfield,4046,1189,24.0,994,332,2,2.258054574,1,0.2938704893722195,0.005931784478497282,0.24567474048442905,0.08205635195254572,0.08333333333333333,0.09408560725,0.0008410428931875525
1,James McArthur,Left Defensive Midfield,3923,1067,16.0,818,516,2,1.1789362576,2,0.27198572521029823,0.004078511343359674,0.20851389242926333,0.1315319908233495,0.125,0.0736835161,0.0018744142455482662
1,Danny Drinkwater,Left Center Midfield,6834,2033,42.0,1448,779,2,1.7761880455,7,0.297483172373427,0.006145741878841089,0.2118817676324261,0.11398887913374305,0.047619047619047616,0.042290191559523814,0.003443187407771766
1,Jonjo Shelvey,Left Center Midfield,5001,1593,57.0,1211,332,1,2.7052369763,4,0.31853629274145173,0.011397720455908818,0.2421515696860628,0.06638672265546891,0.017543859649122806,0.04746029782982456,0.0025109855618330196
1,Valon Behrami,Left Center Midfield,2114,519,1.0,372,434,0,0.019907001,1,0.2455061494796594,0.0004730368968779565,0.1759697256385998,0.2052980132450331,0.0,0.019907001,0.0019267822736030828
1,Idrissa Gana Gueye,Left Center Midfield,7255,1906,30.0,1621,1001,0,1.086028215,1,0.26271536871123363,0.004135079255685734,0.22343211578221917,0.137973811164714,0.0,0.0362009405,0.0005246589716684155
1,Joe Ledley,Left Center Midfield,1390,396,7.0,244,209,1,0.3559894019999999,0,0.28489208633093527,0.005035971223021582,0.17553956834532375,0.15035971223021583,0.14285714285714285,0.05085562885714284,0.0
1,Leon Osman,Left Center Midfield,567,152,3.0,137,49,0,0.246678815,0,0.26807760141093473,0.005291005291005291,0.24162257495590828,0.08641975308641975,0.0,0.08222627166666667,0.0
1,Jonathan Howson,Left Center Midfield,5084,1338,35.0,1035,651,3,2.3553651122000003,3,0.26317859952793077,0.006884343036978757,0.20357985837922896,0.12804878048780488,0.08571428571428572,0.06729614606285715,0.002242152466367713
1,Darron Gibson,Left Center Midfield,568,177,2.0,135,37,0,0.024389918,1,0.31161971830985913,0.0035211267605633804,0.23767605633802816,0.06514084507042253,0.0,0.012194959,0.005649717514124294
1,El-Hadji Baye Oumar Niasse,Center Forward,242,46,2.0,35,30,0,0.144330245,0,0.19008264462809918,0.008264462809917356,0.1446280991735537,0.12396694214876033,0.0,0.0721651225,0.0
1,Kevin Linford Stewart,Center Defensive Midfield,1612,466,5.0,384,153,0,0.2276135799999999,0,0.2890818858560794,0.003101736972704715,0.23821339950372208,0.09491315136476426,0.0,0.04552271599999998,0.0
1,Jan Kirchhoff,Center Defensive Midfield,2138,569,9.0,412,258,0,1.002113455,0,0.2661365762394761,0.00420954162768943,0.19270346117867165,0.12067352666043031,0.0,0.11134593944444443,0.0
1,Tom Davies,Center Attacking Midfield,199,49,1.0,47,25,0,0.042697757,0,0.24623115577889448,0.005025125628140704,0.23618090452261306,0.12562814070351758,0.0,0.042697757,0.0
1,Jason Puncheon,Center Attacking Midfield,5345,1408,53.0,1226,576,2,3.5759572955000003,3,0.2634237605238541,0.00991580916744621,0.2293732460243218,0.10776426566884939,0.03773584905660377,0.06747089236792453,0.002130681818181818
1,Lee Tomlin,Center Attacking Midfield,559,122,4.0,115,80,0,0.2244991899999999,0,0.2182468694096601,0.007155635062611807,0.20572450805008943,0.14311270125223613,0.0,0.056124797499999976,0.0
1,Siem Stefan de Jong,Center Attacking Midfield,820,200,8.0,127,108,0,0.7520500019999999,1,0.24390243902439024,0.00975609756097561,0.1548780487804878,0.13170731707317074,0.0,0.09400625024999999,0.005
1,Ola Toivonen,Center Attacking Midfield,929,261,7.0,131,114,0,0.408329984,2,0.28094725511302476,0.007534983853606028,0.14101184068891282,0.12271259418729817,0.0,0.05833285485714285,0.007662835249042145
1,Ibrahim Afellay,Center Attacking Midfield,4790,1331,39.0,1203,346,2,2.2133037749999995,3,0.2778705636743215,0.0081419624217119,0.2511482254697286,0.0722338204592902,0.05128205128205128,0.05675137884615383,0.002253944402704733
1,Jordon Mutch,Center Attacking Midfield,1475,357,16.0,286,207,0,1.1795702252,0,0.24203389830508473,0.010847457627118645,0.19389830508474576,0.14033898305084747,0.0,0.073723139075,0.0
1,Stephen Ireland,Center Attacking Midfield,638,176,3.0,136,82,0,0.383392195,1,0.27586206896551724,0.004702194357366771,0.21316614420062696,0.12852664576802508,0.0,0.12779739833333334,0.005681818181818182
1,Andrew Surman,Center Defensive Midfield,6956,2309,16.0,1544,539,0,0.7623997892,3,0.331943645773433,0.0023001725129384704,0.2219666474985624,0.07748706152961472,0.0,0.047649986825,0.00129926375054136
1,Lucas Pezzini Leiva,Center Defensive Midfield,4795,1478,10.0,1023,528,0,0.553640256,1,0.30823774765380607,0.0020855057351407717,0.21334723670490094,0.11011470281543274,0.0,0.0553640256,0.0006765899864682003
1,Reece Oxford,Center Defensive Midfield,209,57,1.0,33,31,0,0.07030312,0,0.2727272727272727,0.004784688995215311,0.15789473684210525,0.14832535885167464,0.0,0.07030312,0.0
1,Pedro Mba Obiang Avomo,Center Defensive Midfield,1827,478,9.0,366,286,0,0.325509128,1,0.2616310892172961,0.0049261083743842365,0.20032840722495895,0.15654077723043242,0.0,0.03616768088888889,0.0020920502092050207
1,Carlos Alberto Sánchez Moreno,Center Defensive Midfield,2722,795,13.0,595,287,0,0.4797677199999999,0,0.2920646583394563,0.004775900073475386,0.2185892725936811,0.10543717854518736,0.0,0.036905209230769224,0.0
1,Alexandre Dimitri Song-Billong,Center Defensive Midfield,1658,463,6.0,392,200,0,0.2153629809999999,0,0.2792521109770808,0.0036188178528347406,0.23642943305186973,0.12062726176115803,0.0,0.03589383016666665,0.0
1,Leon Britton,Center Defensive Midfield,3416,1002,5.0,815,327,0,0.127162849,1,0.2933255269320843,0.0014637002341920376,0.2385831381733021,0.09572599531615925,0.0,0.0254325698,0.000998003992015968
1,Nabil Bentaleb,Left Center Midfield,333,100,3.0,81,31,0,0.1347764505,0,0.3003003003003003,0.009009009009009009,0.24324324324324326,0.09309309309309309,0.0,0.0449254835,0.0
1,Jack Rodwell,Left Center Midfield,1683,462,27.0,324,194,1,2.53102008,0,0.27450980392156865,0.016042780748663103,0.1925133689839572,0.11527035056446822,0.037037037037037035,0.09374148444444444,0.0
1,Yann Kermorgant,Center Forward,230,62,2.0,35,17,0,0.147146015,0,0.26956521739130435,0.008695652173913044,0.15217391304347827,0.07391304347826087,0.0,0.0735730075,0.0
1,Oriol Romeu Vidal,Left Defensive Midfield,3089,830,29.0,635,428,1,2.50753823,0,0.2686953706701198,0.009388151505341535,0.2055681450307543,0.13855616704435092,0.034482758620689655,0.08646683551724138,0.0
1,Bastian Schweinsteiger,Left Defensive Midfield,3605,1086,12.0,891,243,1,1.378185402,0,0.30124826629681,0.00332871012482663,0.24715672676837724,0.06740638002773926,0.08333333333333333,0.1148487835,0.0
1,Nemanja Matić,Left Defensive Midfield,5543,1653,34.0,1298,486,2,2.3584048279999994,2,0.2982139635576403,0.006133862529316254,0.23416922244272054,0.08767815262493235,0.058823529411764705,0.06936484788235292,0.0012099213551119178
1,N''Golo Kanté,Left Defensive Midfield,5771,1476,21.0,1149,906,1,0.7659033804999998,4,0.25576156645295445,0.0036388840755501644,0.19909894299081615,0.15699185583087852,0.047619047619047616,0.03647158954761904,0.0027100271002710027
1,Tom Carroll,Left Defensive Midfield,1290,361,5.0,279,161,1,0.212013576,0,0.27984496124031005,0.003875968992248062,0.21627906976744185,0.1248062015503876,0.2,0.0424027152,0.0
1,Jordy Clasie,Left Defensive Midfield,2794,828,14.0,544,433,0,0.5404466760000001,0,0.2963493199713672,0.005010737294201861,0.19470293486041518,0.15497494631352898,0.0,0.038603334,0.0
1,Ryan Mason,Left Defensive Midfield,1899,543,19.0,449,168,1,2.742054695,0,0.2859399684044234,0.010005265929436546,0.2364402317008952,0.08846761453396525,0.05263157894736842,0.14431866815789474,0.0
1,Fernando Luiz Rosa,Left Defensive Midfield,6630,1894,30.0,1538,705,2,1.584848154,4,0.2856711915535445,0.004524886877828055,0.23197586726998493,0.10633484162895927,0.06666666666666667,0.0528282718,0.0021119324181626186
1,Claudio Ariel Yacob,Left Defensive Midfield,4212,1118,9.0,759,770,0,0.216381981,1,0.2654320987654321,0.002136752136752137,0.1801994301994302,0.18281101614434947,0.0,0.024042442333333334,0.0008944543828264759
1,Charlie Adam,Left Defensive Midfield,2089,590,28.0,456,205,1,0.9784929336999998,1,0.28243178554332216,0.013403542364767831,0.2182862613690761,0.09813307802776448,0.03571428571428571,0.03494617620357142,0.001694915254237288
1,Jack Colback,Left Defensive Midfield,4120,1175,16.0,810,591,1,1.021766656,1,0.28519417475728154,0.003883495145631068,0.1966019417475728,0.14344660194174758,0.0625,0.063860416,0.000851063829787234
1,Ben Watson,Left Defensive Midfield,4842,1599,16.0,900,608,1,0.5154302259999999,0,0.3302354399008674,0.003304419661296985,0.18587360594795538,0.12556794712928543,0.0625,0.03221438912499999,0.0
1,Francis Joseph Coquelin,Left Defensive Midfield,3862,1104,9.0,924,365,0,0.2358031105,0,0.2858622475401347,0.002330398757120663,0.2392542723977214,0.09451061626100465,0.0,0.02620034561111111,0.0
1,Jordi Gómez García-Penche,Left Center Midfield,533,173,2.0,99,46,0,0.0220112609999999,0,0.324577861163227,0.00375234521575985,0.18574108818011256,0.08630393996247655,0.0,0.01100563049999995,0.0
2,Steven Berghuis,Right Midfield,481,113,7.0,107,60,0,0.5190596494999999,2,0.23492723492723494,0.014553014553014554,0.22245322245322247,0.12474012474012475,0.0,0.07415137849999999,0.017699115044247787
2,Adnan Januzaj,Center Attacking Midfield,262,45,4.0,63,28,1,0.1948831309999999,0,0.1717557251908397,0.015267175572519083,0.24045801526717558,0.10687022900763359,0.25,0.048720782749999976,0.0
2,Bamidele Alli,Center Attacking Midfield,5352,1094,73.0,1125,689,10,8.398463296300001,9,0.20440956651718983,0.013639760837070254,0.2102017937219731,0.12873692077727952,0.136986301369863,0.11504744241506851,0.008226691042047532
2,Roberto Firmino Barbosa de Oliveira,Center Attacking Midfield,4845,1045,65.0,971,614,10,7.3517586904,8,0.21568627450980393,0.013415892672858616,0.2004127966976264,0.12672858617131064,0.15384615384615385,0.11310397985230769,0.007655502392344498
2,Steven Davis,Center Attacking Midfield,5609,1634,20.0,1229,555,5,2.0640061254,3,0.29131752540559813,0.0035656979853806382,0.21911214120164021,0.09894811909431271,0.25,0.10320030627000001,0.0018359853121175031
2,Stéphane Sessègnon,Right Midfield,2990,638,28.0,722,220,2,1.250708888,2,0.21337792642140468,0.009364548494983277,0.24147157190635452,0.07357859531772576,0.07142857142857142,0.04466817457142857,0.003134796238244514
2,Oluwaseyi Babajide Ojo,Right Midfield,799,158,5.0,187,118,0,0.3465609515,3,0.19774718397997496,0.006257822277847309,0.23404255319148937,0.1476846057571965,0.0,0.06931219029999999,0.0189873417721519
2,Callum McManaman,Right Midfield,513,99,8.0,131,48,0,0.520520779,1,0.19298245614035087,0.015594541910331383,0.2553606237816764,0.0935672514619883,0.0,0.065065097375,0.010101010101010102
2,Riyad Mahrez,Right Midfield,5823,1174,87.0,1282,587,17,12.163812770000003,10,0.2016142881676112,0.014940752189592994,0.22016142881676112,0.1008071440838056,0.19540229885057472,0.1398139398850575,0.008517887563884156
2,Ross Barkley,Center Attacking Midfield,7288,1921,95.0,1858,421,8,7.6849434705,8,0.2635839736553238,0.013035126234906696,0.2549396267837541,0.0577661909989023,0.08421052631578947,0.08089414179473685,0.004164497657470068
2,Adlène Guédioura,Right Midfield,1107,298,13.0,240,85,0,0.312132211,2,0.26919602529358627,0.011743450767841012,0.21680216802168023,0.07678410117434507,0.0,0.024010170076923076,0.006711409395973154
2,Max-Alain Gradel,Left Midfield,1695,339,18.0,377,214,1,1.5043037857,2,0.2,0.010619469026548672,0.2224188790560472,0.12625368731563422,0.05555555555555555,0.08357243253888888,0.0058997050147492625
2,Vadis Odjidja-Ofoe,Right Midfield,719,159,3.0,149,95,0,0.160835927,2,0.2211404728789986,0.004172461752433936,0.20723226703755215,0.13212795549374132,0.0,0.053611975666666666,0.012578616352201259
2,Kevin De Bruyne,Center Attacking Midfield,4897,1314,48.0,1107,450,7,4.502264549,10,0.26832754747804777,0.009801919542577088,0.2260567694506841,0.0918929957116602,0.14583333333333334,0.09379717810416667,0.0076103500761035
2,Nathan Redmond,Right Midfield,4588,1084,53.0,1046,430,6,2.6832608084000005,4,0.23626852659110723,0.011551874455100261,0.22798605056669574,0.0937227550130776,0.11320754716981132,0.05062756242264152,0.0036900369003690036
2,Modou Barrow,Right Wing,1451,235,12.0,316,199,1,0.6395988,3,0.16195727084769124,0.008270158511371467,0.21778084079944865,0.13714679531357685,0.08333333333333333,0.053299900000000004,0.01276595744680851
2,Moussa Sissoko,Right Wing,6449,1576,39.0,1418,603,1,3.692096528,8,0.24437897348426113,0.006047449216932858,0.21987905101566135,0.09350286866180803,0.02564102564102564,0.09466914174358974,0.005076142131979695
2,Wilfried Zaha,Right Wing,4554,699,33.0,1085,518,2,2.407636951,1,0.15349143610013175,0.007246376811594203,0.23825208607817303,0.1137461572244181,0.06060606060606061,0.07295869548484848,0.001430615164520744
2,Carles Gil de Pareja Vicent,Right Wing,3193,809,18.0,792,290,2,1.017689849,1,0.25336673974318824,0.005637331663012841,0.248042593172565,0.09082367679298466,0.1111111111111111,0.05653832494444444,0.0012360939431396785
2,Aaron Lennon,Right Wing,2336,516,18.0,517,327,5,1.952729209,0,0.2208904109589041,0.007705479452054794,0.22131849315068494,0.13998287671232876,0.2777777777777778,0.10848495605555555,0.0
2,Bakary Sako,Right Wing,1880,423,35.0,408,180,2,2.1215525987,1,0.225,0.018617021276595744,0.2170212765957447,0.09574468085106383,0.05714285714285714,0.06061578853428572,0.002364066193853428
2,Jonathan Leko,Right Wing,452,55,0.0,102,69,0,0.0,1,0.12168141592920353,0.0,0.22566371681415928,0.15265486725663716,0.0,0.0,0.01818181818181818
2,Willian Borges da Silva,Right Wing,6295,1745,59.0,1484,484,5,3.7275560464,7,0.27720413026211277,0.009372517871326449,0.2357426528991263,0.07688641779189834,0.0847457627118644,0.06317891604067796,0.0040114613180515755
2,Andros Townsend,Right Wing,2362,481,29.0,534,277,4,1.440451886,2,0.20364098221845894,0.012277730736663843,0.2260795935647756,0.11727349703640982,0.13793103448275862,0.04967075468965517,0.004158004158004158
2,Gerard Deulofeu Lázaro,Right Wing,2796,691,12.0,734,204,2,1.5518586584999998,9,0.24713876967095852,0.004291845493562232,0.2625178826895565,0.07296137339055794,0.16666666666666666,0.129321554875,0.013024602026049204
2,Adama Traoré Diarra,Right Wing,412,53,2.0,115,28,0,0.12489151,1,0.12864077669902912,0.0048543689320388345,0.279126213592233,0.06796116504854369,0.0,0.062445755,0.018867924528301886
2,Jeremain Lens,Right Wing,2420,474,28.0,500,320,3,2.1020062906,3,0.19586776859504132,0.011570247933884297,0.2066115702479339,0.1322314049586777,0.10714285714285714,0.07507165323571428,0.006329113924050633
2,Xherdan Shaqiri,Right Wing,3504,835,39.0,850,253,3,2.4633686411,6,0.23829908675799086,0.01113013698630137,0.2425799086757991,0.07220319634703197,0.07692307692307693,0.0631632984897436,0.00718562874251497
2,Juan Manuel Mata García,Right Wing,6622,1914,58.0,1646,396,6,5.866743938,5,0.28903654485049834,0.008758683177287828,0.24856538810027182,0.059800664451827246,0.10344827586206896,0.10115075755172413,0.002612330198537095
2,Erik Lamela,Right Wing,5009,1117,59.0,1022,647,5,5.872297199299999,9,0.22299860251547216,0.01177879816330605,0.20403274106608105,0.12916749850269515,0.0847457627118644,0.09953046100508474,0.008057296329453895
2,Mauro Matías Zárate,Right Wing,1534,336,30.0,342,140,4,1.935043989,0,0.21903520208604954,0.01955671447196871,0.22294654498044328,0.09126466753585398,0.13333333333333333,0.0645014663,0.0
2,Jordon Ibe,Right Wing,2429,559,30.0,600,203,1,1.2689323965,1,0.2301358583779333,0.012350761630300536,0.24701523260601072,0.08357348703170028,0.03333333333333333,0.042297746549999994,0.0017889087656529517
2,Victor Moses,Right Wing,1622,306,21.0,374,134,1,1.837626853,2,0.18865598027127004,0.012946979038224414,0.23057953144266338,0.08261405672009864,0.047619047619047616,0.08750604061904761,0.006535947712418301
2,Joel Nathaniel Campbell Samuels,Right Wing,1733,350,20.0,378,226,3,1.7564523169999997,1,0.20196191575302944,0.01154068090017311,0.2181188690132718,0.13040969417195614,0.15,0.08782261584999998,0.002857142857142857
2,Junior Stanislas,Left Midfield,3071,776,46.0,694,265,3,2.4055857666,2,0.2526864213611202,0.014978834255942689,0.22598502116574407,0.08629111038749593,0.06521739130434782,0.05229534275217391,0.002577319587628866
2,Jesse Lingard,Right Wing,3301,771,31.0,703,395,4,3.1945610810000007,1,0.23356558618600423,0.009391093607997577,0.21296576794910632,0.11966070887609816,0.12903225806451613,0.10305035745161292,0.0012970168612191958
2,Wayne Routledge,Right Wing,3203,722,18.0,678,331,2,2.7345394620000003,2,0.22541367467998752,0.00561973150171714,0.21167655323134563,0.10334061817046519,0.1111111111111111,0.15191885900000002,0.002770083102493075
2,Sadio Mané,Center Attacking Midfield,5399,1043,86.0,1228,505,11,12.052078225,6,0.19318392294869421,0.015928875717725506,0.227449527690313,0.09353583997036488,0.12790697674418605,0.1401404444767442,0.005752636625119847
2,Jesús Navas González,Right Wing,5247,1452,31.0,1320,390,0,2.8745031953999995,7,0.27672955974842767,0.0059081379836096815,0.25157232704402516,0.07432818753573471,0.0,0.09272590952903224,0.0048209366391184574
2,Adam Johnson,Right Wing,2145,600,16.0,543,137,2,1.7620988539999998,5,0.27972027972027974,0.007459207459207459,0.25314685314685315,0.06386946386946386,0.125,0.11013117837499999,0.008333333333333333
2,Mousa Sidi Yaya Dembélé,Left Defensive Midfield,5332,1383,22.0,1312,578,3,1.7568571144999998,2,0.259377344336084,0.004126031507876969,0.24606151537884471,0.10840210052513129,0.13636363636363635,0.07985714156818181,0.0014461315979754157
2,Georginio Wijnaldum,Center Attacking Midfield,5212,1264,54.0,1197,413,11,7.722146134,4,0.24251726784343822,0.010360706062931695,0.22966231772831927,0.07924021488871834,0.2037037037037037,0.14300270618518518,0.0031645569620253164
2,Ruben Loftus-Cheek,Center Attacking Midfield,1112,248,14.0,258,128,1,1.369049881,0,0.22302158273381295,0.012589928057553957,0.23201438848920863,0.11510791366906475,0.07142857142857142,0.09778927721428572,0.0
2,Miguel Arturo Layún Prado,Left Midfield,255,60,4.0,53,31,1,0.246095348,0,0.23529411764705882,0.01568627450980392,0.20784313725490197,0.12156862745098039,0.25,0.061523837,0.0
2,Jack Wilshere,Center Attacking Midfield,340,77,1.0,91,33,0,0.3143006,0,0.22647058823529412,0.0029411764705882353,0.2676470588235294,0.09705882352941177,0.0,0.3143006,0.0
2,Manuel Lanzini,Left Center Midfield,4269,1119,48.0,1122,278,5,3.446542671999999,2,0.26212227687983136,0.011243851018973999,0.2628250175685172,0.06512063715155775,0.10416666666666667,0.07180297233333331,0.0017873100983020554
2,Joe Allen,Left Center Midfield,1644,413,12.0,337,213,2,2.123327118,1,0.25121654501216545,0.0072992700729927005,0.20498783454987834,0.12956204379562045,0.16666666666666666,0.17694392650000001,0.002421307506053269
2,Pedro Eliezer Rodríguez Ledesma,Left Wing,4498,1049,59.0,1106,382,7,5.978802855999999,2,0.23321476211649622,0.013116940862605602,0.24588706091596266,0.08492663405958203,0.11864406779661017,0.10133564162711862,0.0019065776930409914
2,Jefferson Antonio Montero Vite,Left Wing,2377,492,21.0,588,193,0,1.821712751,2,0.20698359276398823,0.008834665544804375,0.24737063525452252,0.08119478334034497,0.0,0.08674822623809524,0.0040650406504065045
2,James Morrison,Left Center Midfield,2378,615,24.0,535,252,3,2.4502182710000007,2,0.25862068965517243,0.010092514718250631,0.2249789739276703,0.10597140454163162,0.125,0.10209242795833336,0.0032520325203252032
2,Marko Arnautović,Left Wing,5171,1161,72.0,1202,490,11,11.080028553,5,0.22452136917424095,0.013923805840263006,0.23245020305550185,0.09475923419067879,0.1527777777777778,0.15388928545833333,0.004306632213608958
2,Nacer Chadli,Left Wing,1767,388,26.0,386,172,3,2.5992438728,2,0.21958121109224674,0.014714204867006225,0.21844934917940012,0.09734012450481042,0.11538461538461539,0.09997091818461537,0.005154639175257732
2,Eden Hazard,Left Wing,5711,1476,36.0,1468,231,4,2.394681989,4,0.25844860794957103,0.006303624584135878,0.2570478024864297,0.04044825774820522,0.1111111111111111,0.06651894413888888,0.0027100271002710027
2,Mark Noble,Left Center Midfield,6565,1943,34.0,1477,603,7,4.019765458,5,0.295963442498096,0.005178979436405179,0.224980959634425,0.09185072353389186,0.20588235294117646,0.11822839582352941,0.0025733401955738548
2,Kevin Mirallas,Left Wing,1781,382,41.0,396,151,4,3.215618413,3,0.21448624368332397,0.023020774845592364,0.2223469960696238,0.08478382930937675,0.0975609756097561,0.0784297173902439,0.007853403141361256
2,Alexis Alejandro Sánchez Sánchez,Left Wing,6455,1488,111.0,1635,400,13,11.263074479399998,6,0.23051897753679318,0.017195972114639815,0.2532920216886135,0.061967467079783116,0.11711711711711711,0.10146913945405404,0.004032258064516129
2,Alex Iwobi,Left Wing,1485,376,15.0,389,101,2,1.723545008,3,0.2531986531986532,0.010101010101010102,0.26195286195286194,0.06801346801346801,0.13333333333333333,0.11490300053333334,0.007978723404255319
2,Memphis Depay,Left Wing,3239,751,56.0,782,187,2,4.381855249299999,0,0.23186168570546464,0.0172892868169188,0.24143254090768757,0.05773386847792528,0.03571428571428571,0.07824741516607141,0.0
2,Christian Dannemann Eriksen,Left Wing,7055,2041,99.0,1586,564,6,5.109807407899999,12,0.2892983699503898,0.01403260099220411,0.22480510276399718,0.07994330262225371,0.06060606060606061,0.05161421624141413,0.005879470847623714
2,Dimitri Payet,Left Wing,5501,1572,69.0,1389,303,9,5.0674303673,16,0.28576622432285037,0.012543173968369388,0.2524995455371751,0.05508089438283948,0.13043478260869565,0.07344101981594203,0.010178117048346057
2,Dušan Tadić,Left Wing,4421,1104,56.0,989,384,7,6.782875651999998,11,0.24971725853879212,0.012666817462112644,0.22370504410766795,0.08685817688305814,0.125,0.12112277949999996,0.009963768115942028
2,Kieran Gibbs,Left Wing,841,219,5.0,168,104,1,0.674481988,1,0.26040428061831156,0.005945303210463734,0.19976218787158145,0.12366230677764566,0.2,0.1348963976,0.0045662100456621
2,Gabriel Antoine Obertan,Left Wing,439,107,3.0,90,35,0,0.114057279,1,0.2437357630979499,0.00683371298405467,0.20501138952164008,0.07972665148063782,0.0,0.038019093,0.009345794392523364
2,Clinton Mua N''Jie,Left Wing,392,72,7.0,81,51,0,0.499049676,1,0.1836734693877551,0.017857142857142856,0.2066326530612245,0.13010204081632654,0.0,0.07129281085714285,0.013888888888888888
2,Arouna Koné,Left Wing,2756,592,37.0,634,180,5,4.59309574,4,0.21480406386066764,0.013425253991291727,0.23004354136429608,0.06531204644412192,0.13513513513513514,0.1241377227027027,0.006756756756756757
2,Anthony Martial,Left Wing,5160,938,57.0,1193,372,11,6.901340182499998,3,0.1817829457364341,0.011046511627906977,0.2312015503875969,0.07209302325581396,0.19298245614035087,0.12107614355263153,0.0031982942430703624
2,Oscar dos Santos Emboaba Júnior,Center Attacking Midfield,4334,1096,51.0,985,397,3,5.109910107699999,3,0.25288417166589755,0.011767420396862021,0.22727272727272727,0.09160129210890632,0.058823529411764705,0.10019431583725488,0.002737226277372263
2,Raheem Sterling,Left Wing,4157,904,51.0,1023,311,6,6.411888005,2,0.21746451768101996,0.012268462833774356,0.2460909309598268,0.07481356747654559,0.11764705882352941,0.12572329421568626,0.0022123893805309734
2,James Philip Milner,Right Center Midfield,5758,1610,39.0,1245,636,5,3.9768661796,12,0.2796109760333449,0.006773185133726989,0.2162209100382077,0.11045501910385551,0.1282051282051282,0.10197092768205128,0.007453416149068323
2,Adam David Lallana,Center Attacking Midfield,4656,1046,42.0,948,607,4,3.885753835,8,0.22465635738831616,0.00902061855670103,0.2036082474226804,0.13036941580756015,0.09523809523809523,0.09251794845238095,0.0076481835564053535
2,Gylfi Þór Sigurðsson,Center Attacking Midfield,5306,1346,89.0,1036,743,11,7.495362014,4,0.25367508480964945,0.016773464003015454,0.19525065963060687,0.14003015454202788,0.12359550561797752,0.08421755071910113,0.0029717682020802376
2,Jack Grealish,Center Attacking Midfield,1538,342,16.0,378,123,1,0.704957433,0,0.2223667100130039,0.010403120936280884,0.24577373211963588,0.0799739921976593,0.0625,0.0440598395625,0.0
2,Wes Hoolahan,Center Attacking Midfield,4723,1180,26.0,1127,469,4,3.5316950506,7,0.24984120262544993,0.0055049756510692355,0.23861952149057802,0.09930129155197967,0.15384615384615385,0.13583442502307694,0.005932203389830509
2,Bojan Krkíc Pérez,Center Attacking Midfield,3343,758,37.0,817,285,7,4.829386597399999,1,0.22674244690397846,0.011067903081064912,0.24439126533054142,0.08525276697577026,0.1891891891891892,0.13052396209189188,0.0013192612137203166
2,Ander Herrera Agüera,Center Attacking Midfield,4070,1122,24.0,935,364,3,2.8249739285,2,0.2756756756756757,0.005896805896805897,0.22972972972972974,0.08943488943488943,0.125,0.11770724702083334,0.0017825311942959
2,Mesut Özil,Center Attacking Midfield,8413,2511,49.0,2069,467,6,5.966240685399998,18,0.29846665874242245,0.005824319505527161,0.2459289195292999,0.05550933079757518,0.12244897959183673,0.12176001398775506,0.007168458781362007
2,Demarai Gray,Left Midfield,447,100,5.0,98,53,0,0.1598514999999999,1,0.22371364653243847,0.011185682326621925,0.21923937360178972,0.1185682326621924,0.0,0.03197029999999998,0.01
2,Ramires Santos do Nascimento,Right Defensive Midfield,1282,332,10.0,273,151,2,0.789509716,0,0.2589703588143526,0.0078003120124804995,0.21294851794071762,0.11778471138845553,0.2,0.0789509716,0.0
2,Fabian Delph,Left Defensive Midfield,1833,471,13.0,455,161,2,0.3297079416999999,0,0.2569558101472995,0.0070921985815602835,0.24822695035460993,0.0878341516639389,0.15384615384615385,0.025362149361538452,0.0
2,Gnégnéri Yaya Touré,Right Defensive Midfield,6302,1869,74.0,1546,333,6,5.880840277000001,4,0.29657251666137735,0.011742304030466518,0.24531894636623294,0.05284036813709933,0.08108108108108109,0.07947081455405407,0.002140181915462814
2,Marc Pugh,Left Midfield,2494,555,22.0,575,225,3,2.683968361999999,2,0.22253408179631115,0.008821170809943865,0.2305533279871692,0.09021651964715317,0.13636363636363635,0.12199856190909086,0.0036036036036036037
2,Nathan Dyer,Left Midfield,480,90,5.0,109,53,1,0.6213481270000001,1,0.1875,0.010416666666666666,0.22708333333333333,0.11041666666666666,0.2,0.12426962540000001,0.011111111111111112
2,Aaron Ramsey,Left Defensive Midfield,8052,2197,67.0,1958,696,5,7.420695429799999,4,0.2728514654744163,0.008320914058618976,0.24316939890710382,0.08643815201192251,0.07462686567164178,0.11075664820597014,0.0018206645425580337
2,Matt Jarvis,Left Midfield,1570,367,10.0,320,167,1,0.992031861,1,0.2337579617834395,0.006369426751592357,0.20382165605095542,0.10636942675159236,0.1,0.0992031861,0.0027247956403269754
2,Wayne Mark Rooney,Center Forward,4815,1195,71.0,1077,287,8,6.894919052700001,6,0.2481827622014538,0.01474558670820353,0.2236760124610592,0.05960539979231568,0.11267605633802817,0.09711153595352114,0.00502092050209205
2,Yannick Bolasie Yala,Left Wing,3505,653,58.0,801,281,5,4.3318376392,3,0.18630527817403708,0.016547788873038517,0.22853067047075606,0.08017118402282454,0.08620689655172414,0.07468685584827586,0.004594180704441042
2,Cheikhou Kouyaté,Right Center Midfield,4818,1255,46.0,992,542,5,5.447483423,2,0.2604815276048153,0.009547530095475302,0.20589456205894563,0.11249481112494811,0.10869565217391304,0.11842355267391305,0.0015936254980079682
2,Philippe Coutinho Correia,Left Wing,4735,1147,111.0,1126,383,8,7.128245856099999,5,0.24223864836325237,0.023442449841605068,0.2378035902851109,0.0808870116156283,0.07207207207207207,0.06421843113603602,0.004359197907585004
2,Samir Nasri,Left Wing,1562,437,14.0,411,101,2,1.920093709,3,0.2797695262483995,0.008962868117797696,0.26312419974391804,0.0646606914212548,0.14285714285714285,0.13714955064285714,0.006864988558352402
2,Bradley Johnson,Left Midfield,326,77,10.0,70,30,0,0.8057374274,1,0.2361963190184049,0.03067484662576687,0.2147239263803681,0.09202453987730061,0.0,0.08057374274,0.012987012987012988
2,David Josué Jiménez Silva,Center Attacking Midfield,5147,1488,29.0,1301,326,2,2.83500895,10,0.28910044686224984,0.005634350106858364,0.25276860306974935,0.06333786671847678,0.06896551724137931,0.09775892931034483,0.006720430107526882
